x,y,vx,vy,yaw,yaw_rate,wf,wr,Status,Omega,Steer
-4.57518411031262,4.006760686663045,-0.05941091721262546,-0.0008228590825198568,-0.0008425773072957285,0.00021704022947457527,-0.1159892971976586,-0.1971486656304191,7.0,0.85,0.0
-4.57518411031262,4.006760686663045,-0.05941091721262546,-0.0008228590825198568,-0.0008425773072957285,0.00021704022947457527,-0.1159892971976586,-0.1971486656304191,7.0,0.85,0.0
-4.575816357344318,4.006763694347282,-0.053552011752992595,0.0006659341214400551,-0.0008403598046423375,0.00031449865340801766,-3.723159320516531,-3.8176605753250445,7.0,0.85,0.0
-4.576447735881686,4.006769347603046,-0.05899492542231059,-0.000284985363833431,-0.0008377756948692102,-4.484537805780404e-05,-0.08354054881501805,-0.16803672634893307,7.0,0.85,0.0
-4.5770665065361085,4.006761455524907,-0.05168111594194134,-0.00019226214502636614,-0.0008385385433252617,6.700693254726596e-05,-3.6940965860894432,-3.763692490242515,7.0,0.85,0.0
-4.577611070335605,4.00675853624442,-0.05030996857098932,-0.0006223202498074596,-0.000841118063442952,-0.0002804788415667861,-3.6705551080940553,-3.726186632181215,7.0,0.85,0.0
-4.578204247739786,4.0067626883358045,-0.055362891015257897,3.579455976792197e-05,-0.0008430290516541017,-0.00017382136420482415,-0.022545937985532172,-0.07986131775079985,7.0,0.85,0.0
-4.578791370141352,4.006758493549332,-0.04895294388412799,-0.00042063394077281025,-0.000844825567916489,-5.512902214773241e-05,-3.61189460444188,-3.6869154213299673,7.0,0.85,0.0
-4.579370653780123,4.0067610549818236,-0.05364988359377568,-6.991253868890218e-05,-0.0008429281358248147,0.00010277845497086943,0.019644928967262,-0.03994994343280878,7.0,0.85,0.0
-4.57994135989375,4.006769330732872,-0.0468398408308512,0.0005190758251071134,-0.0008402067359411774,0.0006666147083083611,-3.5919277298403247,-3.6622132639535625,7.0,0.85,0.0
-4.580505711301402,4.006776722792397,-0.05345935738170971,0.0009732317514188773,-0.0008325543891130286,0.0005769437850873649,0.03943391148659203,-0.021680739078059785,7.0,0.85,0.0
-4.581079466637545,4.006781360296484,-0.0489088244950773,0.0005296063905148005,-0.0008256156683680987,0.000707487631352633,-3.5720288354498955,-3.640791943797039,7.0,0.85,0.0
-4.581653268725704,4.006789334740152,-0.05304119726710606,0.0011029471822681775,-0.0008179620702298392,0.0006969755777179624,0.06601325163822525,-0.0030270961160883125,7.0,0.85,0.0
-4.582218950552478,4.006795108566406,-0.04703500005879916,-6.579503822717392e-05,-0.000811878532422111,0.0001865463060418229,-3.543509780768195,-3.6018118925584477,7.0,0.85,0.0
-4.58270639567164,4.006797610568418,-0.04435524196735988,0.0004377135132853915,-0.0008111994401820286,4.4341170600480047e-05,-3.526358839591281,-3.604222602118412,7.0,0.85,0.0
-4.583247450411663,4.006792600143877,-0.05143828931380698,-0.001064519088707831,-0.0008120993741197128,-0.000218879464407038,0.13732319955794003,0.04085810398818235,7.0,0.85,0.0
-4.583774916727906,4.006784910099748,-0.04312669214286155,-0.00029730906392076153,-0.0008136576549256495,-0.00011617257154117281,-3.460177515238417,-3.55895059196512,7.0,0.85,0.0
-4.584293788476421,4.006779462068961,-0.04872571479649089,-0.001289814400823203,-0.0008131743004593456,0.00040805351739417386,0.2026837895300646,0.08039999051995994,7.0,0.85,0.0
-4.584797487166777,4.006766958804565,-0.040966487705149476,-0.0007735666445952575,-0.0008129884785277185,-0.00011227338076259737,-3.396799331970936,-3.516561366077812,7.0,0.85,0.0
-4.585292686592309,4.006762760758571,-0.04666902375200706,-0.0008321996893413421,-0.0008147800706435202,-8.436888260019172e-05,0.23979739341993667,0.1367992537950542,7.0,0.85,0.0
-4.585781837217604,4.006760196389562,-0.039855146168508424,0.0003989322178202443,-0.0008155199638930124,0.00010326816108824789,-3.366658137956702,-3.463879837845147,7.0,0.85,0.0
-4.58626197558147,4.006771160204191,-0.04519820303954669,8.370220579421257e-05,-0.0008094261709826124,0.0006051690336723113,0.30361823777873065,0.20216734487574617,7.0,0.85,0.0
-4.586514101760754,4.006771222584864,0.002156800034327602,0.0001582233291315611,-0.0007960280297861251,0.0009125283614075626,0.26473061956882027,0.13005697010953163,7.0,0.85,0.0
-4.58633807116018,4.0067795614190445,0.03397649856761938,0.0005897260124273421,-0.0007908097081527104,-0.0024115821819295996,3.2198601116547967,3.0925308016167286,7.0,0.85,0.0
-4.585685819824355,4.006784640162875,0.08258935037360748,0.0013460579876482784,-0.0008027429901530916,-0.00017002536333667336,2.8339125874488142,2.716732830004248,7.0,0.85,0.0
-4.584495651786826,4.006781441243732,0.12931333589227592,-0.0004317381617932899,-0.0008169235159264257,-0.001278118786994061,3.7524832089777087,3.639373960032848,7.0,0.85,0.0
-4.58279599879376,4.006780842633536,0.17439315748275708,0.0004188239121564775,-0.0008222836620036813,-0.0015516527058977384,5.014911848597919,4.886547966294439,7.0,0.85,0.0
-4.58055712863293,4.006779601981092,0.2248065937951907,-0.0002935269927152061,-0.0008351686368479001,-0.0013279785908022037,4.227713438890726,4.101425094486125,7.0,0.85,0.0
-4.577814205429069,4.006778557470661,0.2687656050110019,0.0007670636459309,-0.0008377773461525042,-8.866719051680005e-05,5.336461875296086,5.218350544978177,7.0,0.85,0.0
-4.57457507286396,4.00677739179113,0.3093608112785254,-3.14275596320379e-05,-0.0008468172336091484,-0.00010716083871271931,7.488223086248978,7.355580030625797,7.0,0.85,0.0
-4.570830386950919,4.006775003996163,0.3524377180586103,0.0002762285452712657,-0.0008478209452216288,-0.000335022042209064,8.789453802930025,8.674779905027814,7.0,0.85,0.0
-4.566586898626479,4.006774790398447,0.4024585881374983,0.00020381935916505365,-0.0008474702076332605,0.00037061582116030536,7.8841391323721055,7.736817138753684,7.0,0.85,0.0
-4.562381231198437,4.006770818112013,0.44109779029726626,0.0005194385897147442,-0.0008469026084143912,-0.0008325783295622568,8.803711429958945,8.65550537259297,7.0,0.85,0.0
-4.557171934868847,4.006767252173805,0.4844087410964031,3.5669380568008856e-05,-0.0008456730060489111,0.0001916723220093074,10.528565597625672,10.391564481236934,7.0,0.85,0.0
-4.5514373658035545,4.00675913876757,0.5325685002599297,-0.0007455012392662823,-0.0008497817943131613,-0.0003989636175867925,10.77043218254278,10.628071088552122,7.0,0.85,0.0
-4.545189972453931,4.006748884889543,0.5782118308414171,-0.0004576170935208976,-0.0008567840113692377,-0.0008259461725035782,11.275572525646432,11.095061287314323,7.0,0.85,0.0
-4.538421887002542,4.006742465198608,0.624542033785416,-0.00047628948450856903,-0.0008578208069151676,-0.00033523087536447204,12.255668226533544,12.077009592805997,7.0,0.85,0.0
-4.531149513772821,4.006735044978694,0.6685864612862691,-0.0002889736964706465,-0.000861704187500997,-0.0007545191124712493,12.984717104792104,12.793429961500323,7.0,0.85,0.0
-4.523371469896906,4.006725697051561,0.7143335344631959,0.0003645253479245636,-0.000871816951485941,-8.625577614922262e-05,13.57967232985676,13.377969931640415,7.0,0.85,0.0
-4.5150877802804725,4.006720861907811,0.7586308108980508,-7.626612469793808e-05,-0.000866090376787481,4.139706249883499e-05,14.356207657904665,14.153304054217195,7.0,0.85,0.0
-4.5063176602075075,4.00671126582004,0.8016096449293911,-0.00032282787864759753,-0.000870026197717744,-0.0010480859008659355,15.51457680710799,15.302500635558623,7.0,0.85,0.0
-4.498102987132459,4.006704588179701,0.8411180570871383,-5.3004009622104135e-05,-0.000872414722878382,0.0006386571427975632,16.10561939037702,15.875525032328156,7.0,0.85,0.0
-4.488391822868501,4.006694512560155,0.8840347318136778,-0.0003505261537179982,-0.0008742796566289986,-0.0002407491465275244,17.00779614378965,16.778176635157678,7.0,0.85,0.0
-4.478183301005148,4.00668809383932,0.9294436779463068,0.00040552969340953857,-0.000871433566383162,0.0008549898667397689,17.82463203298961,17.600372970188822,7.0,0.85,0.0
-4.46747127328295,4.006685066303811,0.974706165672642,0.0001824217782008566,-0.0008614169407911892,0.0011610033460475039,18.549576783780033,18.319417558831027,7.0,0.85,0.0
-4.45624789516622,4.006670162595834,1.0205404552220434,-0.0004499359014322995,-0.0008642093748267682,-0.0005265643886121809,19.341138524908757,19.096183508195402,7.0,0.85,0.0
-4.444519916069471,4.006656770958559,1.0651581888234312,-0.0002058490418651992,-0.0008711571714826148,-0.0006677523187058044,20.295804865801472,20.02945071022767,7.0,0.85,0.0
-4.432283277310271,4.006643457919708,1.110077927641704,-0.00041628559079935114,-0.0008767310948358865,-0.0004736496776283344,21.07495806941321,20.82912394267329,7.0,0.85,0.0
-4.419530509970011,4.006630596340428,1.1552424136362198,0.0006140675378190455,-0.000882517622192186,-0.00011518650063834564,21.9431733966604,21.70062624254018,7.0,0.85,0.0
-4.406285167691402,4.006620284077208,1.1985470667813924,0.00021579252517644337,-0.0008802007390584079,4.224466524446329e-05,22.70966248702708,22.487351818180038,7.0,0.85,0.0
-4.394097683179415,4.006610101383405,1.2389355948003247,-0.0003090514344649162,-0.0008779139483067742,-2.9839833209849704e-05,23.477792061882948,23.24855988747261,7.0,0.85,0.0
-4.379910970080708,4.006601117239072,1.2831209840444213,0.0005479323221943378,-0.0008755471248072016,0.00038213111770634247,24.300242750651087,24.082796395660385,7.0,0.85,0.0
-4.365221422847553,4.006598684081982,1.3284010209321226,0.0006943709091460696,-0.0008657552942559141,0.001440674577727481,25.11639826566082,24.90083765454531,7.0,0.85,0.0
-4.350025001578031,4.006589986384444,1.3731313653616681,-0.0004053988113117197,-0.0008550478582045307,0.000493462332617928,25.972062026980765,25.74850071882553,7.0,0.85,0.0
-4.334328073564248,4.006574805195022,1.4173709523897329,-0.0003442545213837969,-0.0008572818497710008,-0.00025163809043905327,26.78698428171941,26.592919386125402,7.0,0.85,0.0
-4.318131625897145,4.006564653377655,1.4615860998435002,-0.0005218081561015897,-0.0008550279916492704,0.0005870960367884457,27.63232096823313,27.42689703549857,7.0,0.85,0.0
-4.301429746757737,4.00654472986305,1.5071435145453547,-0.000770038129543924,-0.000856816456231661,-0.0006210005219032102,28.48359718125556,28.284493826107443,7.0,0.85,0.0
-4.284217161940236,4.006524446650699,1.5529636825790785,-0.0005345400380589696,-0.0008630939112196969,-0.0006854976567222539,29.3046254436497,29.128466456315504,7.0,0.85,0.0
-4.266496193277854,4.0065113044305445,1.5967360359159348,0.00030518107097913285,-0.0008659337897058279,0.00018119199843863345,30.146531644653777,29.990331707052427,7.0,0.85,0.0
-4.250329625119597,4.00649985335731,1.6368423194009296,0.0008586315427799637,-0.0008607678357597144,0.0006243557760373035,30.8747970768365,30.712530514668515,7.0,0.85,0.0
-4.2316656013413185,4.006488292097467,1.6810979786890614,0.00011124106829623519,-0.0008537654364419199,0.0003658098303698951,31.71329429355857,31.546006720658966,7.0,0.85,0.0
-4.212493040004575,4.006467917976491,1.7273937667115162,-0.0009936597466908182,-0.0008528000640603512,-0.0005292631790478183,32.59148194911925,32.40531584786,7.0,0.85,0.0
-4.192796442734146,4.006448763951092,1.7745080093857093,-0.0003415395498982522,-0.0008593880093117098,-0.00022890976581459329,33.472010835084234,33.2836069606027,7.0,0.85,0.0
-4.172576532752109,4.006426945222287,1.8205866571243434,2.4254258132806934e-05,-0.0008640152865432496,-0.00019889654295352787,34.36499558870999,34.159717536976196,7.0,0.85,0.0
-4.151851713597385,4.006406674759068,1.8640852816253992,-0.0007886557377889455,-0.000866650024362195,-0.0007116661796503449,35.176129719589326,34.977556229010744,7.0,0.85,0.0
-4.1306319389886905,4.006385201674913,1.9086587377861184,1.9768756481102563e-05,-0.0008689355901460537,-0.00022178161076767867,35.97662609920609,35.81493504557235,7.0,0.85,0.0
-4.108904678647828,4.006366371754346,1.9539464072823494,-0.0010736702827150925,-0.0008662011386664978,0.0002634379985260876,36.818758659615156,36.680890571547046,7.0,0.85,0.0
-4.086670364127156,4.0063383510986466,1.9991739568335374,-0.0006314370990531967,-0.0008714339474317551,-0.0008345045468133834,37.678387596499306,37.530223288787326,7.0,0.85,0.0
-4.066484370480149,4.006319891850225,2.037768101100049,-8.993165428070385e-06,-0.000877703680770604,-6.519323175215136e-05,38.42119232276244,38.26954734601851,7.0,0.85,0.0
-4.043310141367868,4.00629825856426,2.0823238172959058,-0.0008435552763302371,-0.0008780578358855842,-0.0002757779581441377,39.2299773437016,39.10505341019835,7.0,0.85,0.0
-4.019631878971511,4.006273396141474,2.1279694823017317,-0.00012052031032605884,-0.0008818739361264452,-4.0638206785168056e-05,40.07807722367068,39.96291530552373,7.0,0.85,0.0
-3.995448575900464,4.006248575385531,2.1718457095862114,-0.0007037797053384442,-0.000884398107483455,-0.000326885122328126,40.890799397893936,40.783079744952744,7.0,0.85,0.0
-3.9707599115225856,4.006229342601948,2.2170009908019366,0.0009049003768349518,-0.0008878889325835113,0.00015961020230384306,41.74414557143345,41.63654625523818,7.0,0.85,0.0
-3.9455707555310147,4.006212272242201,2.2619313076435383,0.0008519289002122512,-0.0008822365647124089,0.0007483758691366281,42.59087768068116,42.47520059744063,7.0,0.85,0.0
-3.9198767503320924,4.006201531087864,2.3066461080795952,0.0003474981647918772,-0.0008739826717281274,0.0006350225268506725,43.43883586401972,43.32173502086227,7.0,0.85,0.0
-3.8936737077730026,4.006176332454846,2.3523550043145853,0.00013518624314024278,-0.0008734316477485121,-0.0004921920002138152,44.2774628531082,44.172057567514074,7.0,0.85,0.0
-3.866959098330777,4.00615581010644,2.396647198504884,0.0010872235092852737,-0.0008742106669676761,0.00026629533213875904,45.121360853547586,45.02990023936928,7.0,0.85,0.0
-3.842798579267023,4.00613729897036,2.4352550236015813,0.00024540396161997776,-0.0008746405460258335,4.591541443334262e-05,45.821025217135244,45.74695016623203,7.0,0.85,0.0
-3.8151471030000725,4.0061144717352155,2.4796430554920037,0.0007558094668559415,-0.0008765798340974391,-3.568022886466502e-05,46.664402782304165,46.58238265885399,7.0,0.85,0.0
-3.7870026050688304,4.006098149355871,2.523573517342888,0.0001325581284029131,-0.0008729678089752116,0.0005421951514310143,47.48805048673367,47.42305588734331,7.0,0.85,0.0
-3.7583519587487775,4.006077486822717,2.56987575965424,0.00010152646834716344,-0.000867584417297348,0.0005383995777602267,48.355866538330474,48.27740254472596,7.0,0.85,0.0
-3.729190708089938,4.00604348674478,2.615016670647279,-0.0005871597276240577,-0.0008700935488476391,-0.0007082341991696117,49.19303457387642,49.113543863063256,7.0,0.85,0.0
-3.6995152237446445,4.006014913166732,2.6602730892572573,-0.0008083722100928697,-0.0008756765078319999,-0.0005098142070392552,50.06327610523468,49.99260079272432,7.0,0.85,0.0
-3.6693312792378627,4.005978613891364,2.7060617185655707,-0.0011724249205410416,-0.0008828355064123424,-0.0005696081825134865,50.91819612042004,50.82934360008896,7.0,0.85,0.0
-3.63864426811599,4.005947570572898,2.7501104437332957,-1.9973236358440422e-05,-0.0008848990950684654,-0.00013527485451237674,51.733533434828814,51.65885085078804,7.0,0.85,0.0
-3.6074513820898524,4.00592270019965,2.7957258548845316,-0.000599036659051833,-0.0008846396561978216,0.00033823925182764353,52.592472957190495,52.513061353599866,7.0,0.85,0.0
-3.5792938582119977,4.005888503575342,2.8357315552595064,-0.0007837089110650689,-0.0008858712440375946,-0.0004749430385867905,53.369171536970796,53.26209448882476,7.0,0.85,0.0
-3.547132799988824,4.00585870530201,2.8816096594517493,-0.0002301350814937967,-0.0008935618759585171,-0.00040550412118180504,54.22585979172963,54.12002344639579,7.0,0.85,0.0
-3.5144521573796697,4.00582558177872,2.927750604226691,-0.0008410392135151062,-0.0008965546828771212,-0.0001114317496136927,55.09518365923441,54.98626568507328,7.0,0.85,0.0
-3.481268316339615,4.005791667366683,2.9722608373187605,-0.0007027270568498913,-0.0008979910898221203,-0.0002215767450417713,55.94932152452256,55.81341794390194,7.0,0.85,0.0
-3.4475796751084857,4.005763068065723,3.016771091483929,0.000275223390077221,-0.0008972112757983522,9.835425031858616e-06,56.79354567920391,56.66479074595578,7.0,0.85,0.0
-3.4133823500956684,4.005739697111132,3.0623709618064185,0.00045603744727855036,-0.0008903286510628717,0.0008266236399916293,57.636353611392394,57.52301207097694,7.0,0.85,0.0
-3.378664607934759,4.0057100102187,3.1087174665969823,0.00033839313277011834,-0.0008851803678682106,7.468191831742023e-05,58.51686814501073,58.38793410900968,7.0,0.85,0.0
-3.3434330091390634,4.005686159784874,3.1538819103466795,0.0007856294973063187,-0.0008813084530949493,0.0007361847691927713,59.36472855448015,59.244556368620216,7.0,0.85,0.0
-3.307710976260269,4.005654592770752,3.1975866018382084,0.000228247400880309,-0.0008746998778793119,0.0005402726267114211,60.18073346195021,60.05855368831237,7.0,0.85,0.0
-3.2755382276282847,4.005627578486177,3.237010912561316,-0.00014695442769689432,-0.0008705415682368705,0.00045690720988196445,60.921934789709276,60.80959506557738,7.0,0.85,0.0
-3.2388784238698496,4.005591576307119,3.2807867928880814,-0.00100240222967942,-0.0008698165914354332,-0.0004295447428633413,61.733818422441246,61.632811206163545,7.0,0.85,0.0
-3.2017169306538626,4.005548549024798,3.3254723276394773,-0.0007612544334244788,-0.0008767297195787695,-0.0007394898059642344,62.56300549603107,62.44645910496905,7.0,0.85,0.0
-3.164063183068453,4.005508364584258,3.369493345263157,-2.446786265172449e-05,-0.0008867243566945165,-0.0007573000441510904,63.40412806355127,63.2759179045712,7.0,0.85,0.0
-3.1259214346587783,4.005471056236623,3.411517465703055,-0.00028005710510011796,-0.0008925726582550363,-0.0007161955617659147,64.20576303217354,64.08488058019107,7.0,0.85,0.0
-3.087302370111082,4.00543518790232,3.454114939984169,-0.00026243070011882074,-0.000896944017471059,-6.960626588690545e-05,65.0021122896926,64.89076128825857,7.0,0.85,0.0
-3.0481937093130886,4.005403804338846,3.499083809926103,0.00023605115069220454,-0.0008972191266007209,-0.00021950177811225552,65.84609673858705,65.7236897527873,7.0,0.85,0.0
-3.008585914239194,4.005371442371069,3.5428131520434936,-9.436426308816762e-06,-0.0008966385184160826,7.866739748488551e-05,66.66420361842441,66.54502293905082,7.0,0.85,0.0
-2.9684842812980023,4.00533459264686,3.5870185531052856,-0.00015052703434229161,-0.0008974060137810514,-0.00038580130150282034,67.5068183329568,67.36968247196535,7.0,0.85,0.0
-2.932415543804346,4.005301830062565,3.626972240401281,2.9220357807120014e-06,-0.0009042326340531555,-0.00034699635466395686,68.25417984013757,68.1300409995304,7.0,0.85,0.0
-2.8913517707442735,4.005274410945773,3.672883465830441,0.0006138512224490309,-0.0009011959685167772,0.0003171889859894989,69.12392256610369,68.99304217704866,7.0,0.85,0.0
-2.8497842691177,4.005245411134686,3.717631389530764,0.00017136690277232852,-0.0008921967195749171,0.0007280675426469551,69.95995755052738,69.82937477943695,7.0,0.85,0.0
-2.8077087521084287,4.005209807988323,3.763057653838789,-0.00018086643228184944,-0.0008859953500286371,0.00035694549253470443,70.78933708658407,70.67999353231394,7.0,0.85,0.0
-2.765117406567257,4.005183992156178,3.808850344992973,0.0008183793276110514,-0.00088302342995553,0.00045281459420330435,71.65847255305718,71.54545453731427,7.0,0.85,0.0
-2.7220238300605253,4.005146806273015,3.852474908751692,-0.0006379118733985533,-0.0008807253531646756,-8.015667978239987e-05,72.49620573420381,72.36616959070727,7.0,0.85,0.0
-2.678430128833399,4.005095525122711,3.8973358905830517,-0.0010009466666949045,-0.000884932211954377,-0.0005586904463471548,73.35484023614745,73.20130386726001,7.0,0.85,0.0
-2.6343314683680483,4.005044527085727,3.942293893752614,-0.000632438975045194,-0.0008995945407294729,-0.0016159950593066645,74.20479110306452,74.04628693976403,7.0,0.85,0.0
-2.589728837523002,4.005001211964023,3.9875427639755494,-1.6614952966468487e-05,-0.0009124788247991571,-0.0007889563286384501,75.06518797620824,74.86585316372873,7.0,0.85,0.0
-2.5496574632494653,4.004965107568059,4.026414142102571,7.925422556369133e-05,-0.0009146369959188889,0.00035801306999893,75.84045794459469,75.61855847535251,7.0,0.85,0.0
-2.5040963423654454,4.0049265879726725,4.072262070472318,0.0009013887902917433,-0.0009117610774428186,0.00014493776316497852,76.71210439127289,76.46639166817152,7.0,0.85,0.0
-2.4580347357872014,4.004894384137551,4.1167030302171534,0.001080275159168217,-0.0009051281198327586,0.0008395553358752617,77.53988964177786,77.29663820632993,7.0,0.85,0.0
-2.411469797386346,4.004868699981294,4.16155146845887,0.0006471048621928318,-0.0008938194637935953,0.0011414354435815067,78.38354787737043,78.14792063461712,7.0,0.85,0.0
-2.3644019088603145,4.0048347039210705,4.206793174727371,0.0012288301121000799,-0.0008827389745363126,0.0009208423456127076,79.24291071835745,78.98758603192093,7.0,0.85,0.0
-2.3168198470043726,4.004803969048316,4.252826784145477,0.0007912728168411971,-0.0008743559856228135,0.0008528485579942182,80.09606366184344,79.84870527292207,7.0,0.85,0.0
-2.268731350783322,4.004764886878243,4.296016505818516,-0.0006384778877135604,-0.0008630067986223934,0.0007938983066829808,80.93979261875407,80.69110820688735,7.0,0.85,0.0
-2.2201481612017098,4.004715636257645,4.341269091665668,-0.00022946469764546643,-0.0008593356801858514,-2.993211247747995e-05,81.77275186000438,81.51209022741158,7.0,0.85,0.0
-2.171056882636585,4.004668800243947,4.386128275676576,0.0002808685599658065,-0.0008626684468408251,-0.00032605838437783387,82.61476134318102,82.37234499430889,7.0,0.85,0.0
-2.1269944364822218,4.004635705677395,4.425895251407761,0.0005207622098109071,-0.0008663503599906824,-6.856401654830886e-05,83.35438147004626,83.12167419564881,7.0,0.85,0.0
-2.0769483105033046,4.004598843120132,4.471298522605297,-0.00025231517901294555,-0.0008661680441357845,0.00016623406518115704,84.20400999167128,83.97309806547234,7.0,0.85,0.0
-2.026395045252535,4.004558114762998,4.515176685098129,0.000321103897872748,-0.0008630185158901633,-7.966154706586973e-05,85.04834273191805,84.81096066204842,7.0,0.85,0.0
-1.9753472397396312,4.004523847746574,4.560203159963039,0.0012195686252316703,-0.000859929854169457,0.0005659731944757799,85.85726781462887,85.64909597555695,7.0,0.85,0.0
-1.923786207686113,4.004496253780247,4.60554025383674,0.0016592569200478359,-0.0008510032752253641,0.001372718061979652,86.69885109712271,86.51788207216966,7.0,0.85,0.0
-1.8717206237669084,4.004464457177489,4.649924420964106,0.0008984886510045523,-0.0008368303624538677,0.0013738594538160078,87.52756208700967,87.35553251103676,7.0,0.85,0.0
-1.8191517066367673,4.004420520160561,4.694921173983199,-0.00014312050240642012,-0.0008241207495732067,0.0011043553457288037,88.34668959659203,88.20428320498888,7.0,0.85,0.0
-1.7660826824280464,4.004378603407651,4.739774064868723,-3.805116262550812e-05,-0.0008132184699967508,0.000690961222667936,89.17933782845168,89.03181542146577,7.0,0.85,0.0
-1.7125083991764565,4.004332153370006,4.784603990494045,0.0001845503869933644,-0.0008057630727196084,0.0006795890373770405,90.04102947508596,89.8813798349448,7.0,0.85,0.0
-1.6644590361977214,4.0042916008519285,4.8258557906592765,-0.0007628751309519471,-0.0007976326709223183,0.0006733581284489971,90.79334682096078,90.64729615088932,7.0,0.85,0.0
-1.6099171888119532,4.004238935610498,4.870845401683867,-0.0002217865470339284,-0.0007973671727597475,-0.00013687593977406245,91.65432468053956,91.48810958598492,7.0,0.85,0.0
-1.5548726536548683,4.004191477201787,4.914647096264061,-0.00018807946145370377,-0.0007990963951000522,-2.1961809750622026e-05,92.49900023581918,92.324199359737,7.0,0.85,0.0
-1.499335228417596,4.004145767209261,4.958864948337806,0.0001638625992350063,-0.000800485030960741,-0.00019361531914692407,93.32538436236473,93.1458768831369,7.0,0.85,0.0
-1.4432929028431787,4.004101159740728,5.004215483019228,-0.0003700276527783163,-0.0008020982130322702,-2.5133989476446895e-06,94.19487020576562,93.98428355611252,7.0,0.83,-1.0
-1.3868440147388685,4.003937142539151,5.03227070645488,-0.015976668905502946,-0.0017589651134810038,-0.1694615378437882,96.9891391516914,96.7874454019813,7.0,0.83,-1.0
-1.330074321893068,4.003533695924235,5.060865201215558,-0.02438935076470769,-0.004564803240979932,-0.32833663927608564,98.981046282641,98.76644522162957,7.0,0.83,-1.0
-1.2729607952537725,4.002880683616412,5.092224545932391,-0.0232156162920193,-0.009095487213027196,-0.47566618207219935,100.80488354161045,100.56303557118997,7.0,0.83,-1.0
-1.2155164474120335,4.0019474058899736,5.122018780343394,-0.018377185019271408,-0.015217043321264605,-0.6111129165081484,102.52562448209817,102.27815469478456,7.0,0.83,-1.0
-1.164176409844008,4.000856698920172,5.1491200458214115,-0.009066043552534996,-0.021898778933540475,-0.7233270635970791,104.04738700026968,103.7860886841249,7.0,0.83,-1.0
-1.1061027550152291,3.9993186315829417,5.178492947713042,0.00763323937267782,-0.030712308332323118,-0.8415509462992085,105.79746664376702,105.55277316475059,7.0,0.83,-1.0
-1.0476987196300116,3.9974291886484536,5.2093825436179175,0.028784291184394673,-0.04080289098211887,-0.951377204958052,107.54578628324535,107.33712943708636,7.0,0.83,-1.0
-0.988952251077801,3.9951706034204997,5.241112699354742,0.0560632971086774,-0.052096568789896186,-1.055036744290955,109.38286857941816,109.16845920875743,7.0,0.83,-1.0
-0.929876968718114,3.992528297107414,5.270757280003697,0.08771149479369673,-0.0645168204572895,-1.1527318163624758,111.24330016048081,111.02011623875258,7.0,0.83,-1.0
-0.870491754705122,3.9894873486118567,5.297692464987881,0.1251042426212481,-0.07801416303738483,-1.2448734344133907,113.11247321859844,112.85361500589715,7.0,0.83,-1.0
-0.8108191306368407,3.9860399614475197,5.324503434838887,0.16767334825918837,-0.09252663871632354,-1.3336226697386842,114.94333467876902,114.70149679841437,7.0,0.83,-1.0
-0.7508485740214667,3.9821850791432825,5.352577696324136,0.21724008736330797,-0.10801606221268377,-1.4196385664085338,116.78572827732216,116.54761413618469,7.0,0.83,-1.0
-0.69057438297992,3.9779078649396276,5.37923496222375,0.27020222946048206,-0.1244298538279752,-1.5001318897103648,118.63967902879037,118.41802724628616,7.0,0.83,-1.0
-0.636754574880318,3.9737349134691557,5.401342741499827,0.32047938050658825,-0.1397810779163209,-1.56898770517417,120.31289064861627,120.10134675572726,7.0,0.83,-1.0
-0.5759364958175346,3.9686056333906135,5.425834885570566,0.3815799335057122,-0.15785930343095786,-1.6446059094057097,122.23377707256397,122.02868399533517,7.0,0.83,-1.0
-0.5148405436493578,3.963009721803048,5.448680918782006,0.44531335707919095,-0.17677985238299443,-1.717847149865543,124.18266803504099,123.97877134247585,7.0,0.83,-1.0
-0.4534863616458017,3.9569263810713142,5.469563560846155,0.5162992520614893,-0.1964975666559819,-1.7870592027638061,126.12221581967496,125.91041086229785,7.0,0.83,-1.0
-0.3918856641713211,3.9503584852825564,5.488101432567672,0.5886724349756188,-0.21695470944043288,-1.8502836206400473,128.0305724938379,127.82312958342538,7.0,0.83,-1.0
-0.3300530677469357,3.943284829608237,5.5045174812796605,0.6656879456813286,-0.23812149418386755,-1.912965304953281,129.96192232766364,129.74191262465118,7.0,0.83,-1.0
-0.2680002603775881,3.9357013312225058,5.519442520273107,0.7473775567443488,-0.25998042278745065,-1.9730420879483224,131.88220471904728,131.6801855561983,7.0,0.83,-1.0
-0.20572027317027863,3.9276066463276904,5.5315751228195715,0.8322198173714087,-0.2825086342720562,-2.031668470436219,133.84493905424983,133.65999771217696,7.0,0.83,-1.0
-0.14324604072913683,3.918995851590905,5.541006498429027,0.9215223319418716,-0.3056608052396309,-2.083578075602232,135.77705432479763,135.60634950436165,7.0,0.83,-1.0
-0.08755835742298224,3.910890838228607,5.547200708355934,1.0010324502492713,-0.326722637569615,-2.1281353739252142,137.529136340327,137.34398032735976,7.0,0.83,-1.0
-0.024757497326971054,3.9012615446396,5.550737897737808,1.0959378043131784,-0.35094262167304113,-2.1768855381037113,139.49726617739867,139.31174825656046,7.0,0.83,-1.0
0.03820379642321292,3.8911024126033853,5.553199604792556,1.1931245606929755,-0.37571308943274684,-2.2264644927546215,141.4808476231186,141.28393729656386,7.0,0.83,-1.0
0.10131591206047816,3.8803969826986213,5.550965901255647,1.2934183479527939,-0.4010169804353704,-2.2721832933488106,143.4353373877189,143.23062228257993,7.0,0.83,-1.0
0.164551532376348,3.869136771552367,5.546568145800851,1.3954934326491433,-0.4268405559965133,-2.3185777963218537,145.3885964916954,145.16234688570097,7.0,0.83,-1.0
0.227901148219388,3.8573058296699467,5.538767527763128,1.498733304161123,-0.4531890568063832,-2.36634924891362,147.31797082670852,147.1095093834506,7.0,0.83,-1.0
0.29135907095856867,3.8449035792537765,5.527347528719883,1.6070495005060996,-0.4800725669895341,-2.4123851773023843,149.2629312174119,149.0340244234458,7.0,0.83,-1.0
0.3549088764601196,3.8319447074658224,5.5124936091370405,1.718102457411068,-0.5074486398656094,-2.453965573355474,151.1660750379678,150.93020899883786,7.0,0.83,-1.0
0.4185275465048428,3.818427821079677,5.492607317042284,1.8306139122538327,-0.5352878333840739,-2.494883109552612,153.05830816606277,152.82825292826504,8.0,0.0,-1.0
0.47509991039562854,3.805923883839073,5.46467309541584,1.9258362064125754,-0.5603683437624788,-2.5155183533340737,114.52464484213465,114.35432761588476,8.0,0.0,-1.0
0.5385164817853975,3.791358661274954,5.401215039403901,2.0278439266779404,-0.588682582475993,-2.519690408030794,82.64388255046357,82.53015866716919,8.0,0.0,-1.0
0.6014568267234258,3.7764529966436102,5.3152193183574745,2.134822894828376,-0.6171526636383488,-2.5430427638894657,59.63613835305415,59.54422195471723,8.0,0.0,-1.0
0.6638330208866718,3.761377549139861,5.214970175474461,2.24783100418395,-0.645902775591327,-2.567747781896502,43.03096550888456,42.964474230224184,8.0,0.0,-1.0
0.7256017493759005,3.746253652240512,5.105349772171475,2.364701266866588,-0.6748995943652116,-2.5865432261443875,31.05883959325058,31.009145888940232,8.0,0.0,-1.0
0.786771931511738,3.73114678355112,4.99210701298626,2.4800289429360975,-0.7040809667883628,-2.599599279527649,22.420209050491195,22.3796255971152,8.0,0.0,-1.0
0.8473393400835072,3.7161043069905544,4.872502985012916,2.5952994588785763,-0.7333772887725376,-2.6074221922837473,16.1749275827416,16.147831488011526,8.0,0.0,-1.0
0.9072939667856612,3.7011490335864945,4.7482893199081975,2.705459688718388,-0.7627500125223404,-2.613659602287449,11.68408821005444,11.646794172934946,8.0,0.0,-1.0
0.9666549508975094,3.686309767079772,4.621821149621607,2.814682178073674,-0.7921705144366393,-2.616530150758713,8.432920578746382,8.409248265701152,8.0,0.0,-1.0
1.018917072932029,3.673224505458315,4.5069959652578975,2.90681074442824,-0.8183376448929024,-2.6170364084051796,6.3215258216717825,6.307835710332906,8.0,0.0,-1.0
1.0771387493742695,3.6586318049694246,4.3744216640969675,3.006071879911171,-0.847782761369158,-2.6185429930199455,4.576246718321016,4.565919169506531,8.0,0.0,-1.0
1.1347607474399244,3.6441674563754995,4.242558322389918,3.100270898087256,-0.8772462165417453,-2.6199660413041013,3.3126801464447517,3.3007432642130055,8.0,0.0,-1.0
1.1917935201874095,3.6298321467471966,4.107701368684562,3.1895332667330614,-0.9067326468056885,-2.6224591897010954,2.398955017103497,2.387512519736772,8.0,0.0,-1.0
1.2482342653604674,3.6156259943380564,3.9706711730042428,3.27464956419374,-0.9362476684337286,-2.623788363288226,1.716068108008203,1.7279165246079267,8.0,0.0,-1.0
1.3040980013660939,3.601565179317189,3.83249511869189,3.35525965449984,-0.9657821706981273,-2.6264104546459013,1.2189231116776502,1.2535176936015735,8.0,0.0,-1.0
1.3593687150261282,3.587657139542807,3.6907930760786507,3.430664939217937,-0.9953552377753407,-2.63104984848405,0.8742621414765388,0.9073418920744123,8.0,0.0,-1.0
1.4140439971507157,3.5739005381469955,3.5496435408477343,3.5002894477554007,-1.0249668748438563,-2.634444277746036,0.635731916183327,0.6503579897030334,8.0,0.0,-1.0
1.4681330173281553,3.560279788941942,3.407202786771427,3.5645533150021227,-1.0546341993958284,-2.6398910854496784,0.4624943141063867,0.48091288449031494,8.0,0.0,-1.0
1.5157193151815727,3.5482984408648535,3.2789416099031365,3.6183419391708513,-1.0810517899977898,-2.644359924200781,0.34437394030316115,0.3553555127972603,8.0,0.0,-1.0
1.568711793788384,3.534961893046438,3.1368656982751593,3.6743065445320107,-1.1108318081917146,-2.65030522866135,0.2435009788813755,0.24836652443173235,8.0,0.0,-1.0
1.6211180444983704,3.5217704626975124,2.990813703759321,3.7237118549918504,-1.140672606523126,-2.6546247222147428,0.17827942721187018,0.1807916931781124,8.0,0.0,-1.0
1.672932058670584,3.5087497504231577,2.8430633748664333,3.7690466824703672,-1.1705749161332544,-2.6609272288848596,0.11718418294691266,0.1378189835642928,8.0,0.0,-1.0
1.7241516090139872,3.49589462503581,2.695490213326209,3.809703367579892,-1.200528388201432,-2.6650443369482772,0.07948220830571529,0.0745034676552406,8.0,0.0,-1.0
1.7747776731532843,3.4832136305063117,2.54847167358352,3.843603433523819,-1.2305535474359108,-2.6720746326738967,0.040103084222946526,0.053281138088825536,8.0,0.0,-1.0
1.8248140266164277,3.470685623136023,2.4042372528765403,3.8731371412568945,-1.260648496553158,-2.678981715737623,0.021788608195887845,0.05516334072375238,8.0,0.0,-1.0
1.874270948636029,3.4583131557800786,2.2571480055757274,3.8984535383139716,-1.2908383490838864,-2.6884781069255763,0.019294677490162563,0.040661409139680804,8.0,0.0,-1.0
1.9231451914652768,3.4461124489438184,2.111421772959164,3.917793338973584,-1.3211362314712893,-2.697005581296704,0.0072871765950305745,0.03285916374107613,8.0,0.0,-1.0
1.966094414983179,3.4353920049150335,1.9821311440526643,3.931666773325346,-1.3481481864287,-2.7063157976562358,0.012748927695777082,0.01588557523926104,8.0,0.0,-1.0
2.0138678815719833,3.4234800109013594,1.8388203625706288,3.942315408555622,-1.3786510277117172,-2.7165541573835665,0.001975876187232094,0.026290039118049627,8.0,0.0,-1.0
2.0610555228808707,3.4117233967338465,1.6940196138793409,3.947402252181537,-1.4092733637289574,-2.7269918423671555,0.0009223580408281255,0.012125312016404264,8.0,0.0,-1.0
2.1076610463284844,3.4001320937238395,1.5519496109398987,3.949035866158591,-1.4400144559204824,-2.73805764063325,0.0037749450677752906,0.0037462187980187296,8.0,0.0,-1.0
2.153689800242482,3.3886837058646226,1.411293099446775,3.944044010550687,-1.470883362270422,-2.748680392293211,0.005777031397261014,0.00819820386392601,8.0,0.0,-1.0
2.1991314409266316,3.3774052948261,1.2689569941918348,3.9363110962974788,-1.5018607546673097,-2.7575775496328925,0.023242286864095983,-0.013174009310996345,8.0,0.0,-1.0
2.244002512759801,3.3662904846941126,1.130060811963164,3.92312421304447,-1.5329467455969565,-2.768504855842774,0.004288286658641078,-0.05220557362026718,8.0,0.0,-1.0
2.288302945479529,3.355335255509309,0.9931803479563415,3.905624209815755,-1.5641390145016452,-2.77642642576291,-0.015349670691660575,-0.05140767409110354,8.0,0.0,-1.0
2.3320141937531957,3.3445309815850175,0.8584088415772669,3.881554886561513,-1.59542221933527,-2.784928603431911,-0.03675208909548073,-0.0333521602031282,8.0,0.0,-1.0
2.3703751185448043,3.3350486611659678,0.7407907059195499,3.857348018437659,-1.6232908970257494,-2.7903090814817957,-0.05930489010202749,-0.02872394644906398,8.0,0.0,-1.0
2.4129815061404125,3.324527484973438,0.6092025226474258,3.826592763921578,-1.654734391921813,-2.799320793192439,-0.0635745205028907,-0.02603554265893547,8.0,0.0,-1.0
2.4550071717499162,3.3141718286810478,0.4806491568031974,3.7901704536509024,-1.6862527266865333,-2.803945146454693,-0.07066637200659281,-0.03467767390021452,8.0,0.0,-1.0
2.4964556968987957,3.303959564526347,0.3559523110731028,3.7511955904017382,-1.7178183553244482,-2.807321678546594,-0.058406243667952544,-0.019695270396799202,8.0,0.0,-1.0
2.537313391472589,3.2938937517199496,0.23339893666695116,3.7055761009992723,-1.7494136986338922,-2.8088377164776053,-0.050871007877812124,-0.021844642857907243,8.0,0.0,-1.0
2.577576892154551,3.28398380296222,0.11286105632432161,3.657142507795902,-1.7810286372836561,-2.8108787492724123,-0.053922825919307256,-0.024816245391690993,8.0,0.0,-1.0
2.617256961482304,3.274228267334722,-0.003299344342688455,3.6060067756723386,-1.8126682482425631,-2.814417311698146,-0.05900164129025084,-0.01475514859405579,8.0,0.0,-1.0
2.656360433191635,3.2646132994221095,-0.11593512214218092,3.550053784944788,-1.8443362732745863,-2.814521223516994,-0.04172324109394066,-0.02165289610373399,8.0,0.0,-1.0
2.6948579174422562,3.25516264849626,-0.22633108166388047,3.4891455653578483,-1.875987877475359,-2.8125452862994385,-0.03029417029369933,-0.015498758573765403,8.0,0.0,-1.0
2.7285892212804987,3.246890522046711,-0.31929255243317356,3.4340763033431876,-1.9041060217528964,-2.8115320086017026,-0.029952159074101085,-0.020834819460543098,8.0,0.0,-1.0
2.765964418055796,3.237716584502768,-0.4204115323051081,3.3673363357199397,-1.9356983644901355,-2.805828515685062,-0.05034861877168735,-0.026785294557616336,8.0,0.0,-1.0
2.802760891356459,3.2286990259455752,-0.519700380205298,3.300392073227738,-1.9672148175852238,-2.7980672145024745,-0.05664035412067669,-0.01632613326197489,8.0,0.0,-1.0
2.8389739704698305,3.2198320458325735,-0.6138790229961089,3.2295357394466495,-1.9986473829707796,-2.790165197254227,-0.02558080571769086,-0.01525228834538386,8.0,0.0,-1.0
2.8746071217678737,3.211117226705134,-0.7040306017535973,3.156398342495877,-2.029965414961524,-2.777898972010046,-0.03136042062625777,-0.00727366106409288,8.0,0.0,-1.0
2.909667612943406,3.202555828458678,-0.7902295713873334,3.081551787019504,-2.061148036208644,-2.766148243575126,-0.02221062941888407,-0.045888364278699384,8.0,0.0,-1.0
2.9441440204395506,3.1941389059503975,-0.8702148494972431,3.00453211860091,-2.0922019244742467,-2.7535058233225125,-0.005542650105189763,-0.05037518131315058,8.0,0.0,-1.0
2.978048517880247,3.1858618942608943,-0.9466925925269914,2.9263085405960245,-2.123077021614083,-2.735772348358773,0.009302598911326239,-0.0528005241657295,8.0,0.0,-1.0
3.0113699777846086,3.177737221196355,-1.019639961363024,2.8451226556017457,-2.153730058085914,-2.714274644424374,0.005090061390808559,-0.05609520552524963,8.0,0.0,-1.0
3.0405194440778844,3.1706403855795644,-1.0808949223871416,2.774465304876305,-2.180788500656807,-2.6951644034856166,-0.00027574450219366303,-0.06102318991745364,8.0,0.0,-1.0
3.072779721634722,3.1628050147315996,-1.1449334574422434,2.6908340784277565,-2.2109773878581294,-2.671168502645934,-0.009553123848372001,-0.05565807909866973,8.0,0.0,-1.0
3.100955729173716,3.1559750195141505,-1.1964628739696375,2.614148711342957,-2.2375667527542924,-2.64632804901779,-0.02693477582590381,-0.052050094865370676,8.0,0.0,-1.0
3.128666844257691,3.149269492667936,-1.2447874425599792,2.5384582765826953,-2.2639153118693747,-2.6226140270372604,-0.02463088666274626,-0.06671677492490383,8.0,0.0,-1.0
3.1592997755348753,3.141881541219954,-1.2965193680297198,2.4524773157517457,-2.293257393218744,-2.593886119722649,-0.014194927580578727,-0.054182926950409105,8.0,0.0,-1.0
3.1893567647784793,3.134661055086944,-1.3415805925092168,2.3673683584607974,-2.32226196151448,-2.5618712376632735,-0.005597418375555179,-0.056868487767178524,8.0,0.0,-1.0
3.2188292659476914,3.1275774602190443,-1.3818207327931888,2.282219934146871,-2.3508861728324226,-2.5264636546287393,-0.016164163718189205,-0.045668533319250124,8.0,0.0,-1.0
3.2477274573041424,3.120648669432072,-1.4186577495065806,2.196987004239808,-2.379111017981795,-2.491718783734443,-0.018011824771887504,-0.05546186964813066,8.0,0.0,-1.0
3.2760538690396763,3.1138749097149927,-1.4502540445150467,2.11164998286273,-2.4069277530785698,-2.4519019914193527,-0.017713371786106324,-0.04649337273677442,8.0,0.0,-1.0
3.3037888252816567,3.1072576674875365,-1.4763793442967006,2.026309042592544,-2.434295882500186,-2.4109189692768584,-0.004076032004575474,-0.0678824170939063,8.0,0.0,-1.0
3.330941964083335,3.1007946859232107,-1.4993566602848798,1.9437357075849573,-2.461164569904371,-2.365786736945213,-0.027870001777970096,-0.07240426370674277,8.0,0.0,-1.0
3.3545973744577298,3.0951851847375833,-1.51633765489457,1.8708082146643736,-2.48461431801017,-2.32405164091247,-0.019995182851867466,-0.07029988983247716,8.0,0.0,-1.0
3.380669374192062,3.0890119658753905,-1.5301761574239348,1.7902737740338595,-2.51049538790385,-2.2774077673357818,-0.00892087369276875,-0.0738094957337337,8.0,0.0,-1.0
3.4061455147291144,3.0829803942557605,-1.5389399471270038,1.7098163318826678,-2.5358446975451563,-2.2286781025043996,-0.011091795956991172,-0.09093214145560924,8.0,0.0,-1.0
3.4310373159986285,3.0771028882744638,-1.5449972602816875,1.631547160437237,-2.5606281936134323,-2.1767758253775567,0.008166382975650623,-0.07741834728670144,8.0,0.0,-1.0
3.4553533986348195,3.071381723348846,-1.5480619112606238,1.5539966319437621,-2.5848217073063773,-2.1232666787237466,0.019264392403633316,-0.08462418897912544,8.0,0.0,-1.0
3.4790829405869936,3.0658109180954334,-1.5450286235093793,1.479107575267058,-2.608404997847733,-2.0695239673064565,-0.007618134783960145,-0.07313725727820194,8.0,0.0,-1.0
3.5022232243263955,3.060385551463138,-1.5402975339827083,1.407415572922141,-2.631373739623791,-2.0141399213392894,-0.0022498858617239527,-0.077279486858224,8.0,0.0,-1.0
3.5247714869176567,3.0551145386944514,-1.529995316856092,1.3344971899812894,-2.653716235142684,-1.958038296792462,-0.010770781135501346,-0.09223611519207228,8.0,0.0,-1.0
3.544307617939244,3.050560667618184,-1.5190744238641263,1.2723605829577092,-2.6730428387573455,-1.9069700422898057,-0.019075946834158978,-0.08725618762647469,8.0,0.0,-1.0
3.5657312675060218,3.045574486683155,-1.5048885111665629,1.2073294997908892,-2.6941624861531692,-1.8471326720097747,-0.039188176823777315,-0.07646443567958325,8.0,0.0,-1.0
3.5865729596009115,3.040724308846804,-1.4859939466729915,1.143020116740443,-2.7146150554543236,-1.7876222864423228,-0.03501363682954275,-0.07797264159476845,8.0,0.0,-1.0
3.606823621189889,3.036013400843524,-1.4656157050759278,1.081136195816927,-2.734381095865073,-1.726636025839892,-0.04302193068299284,-0.07118592727219306,8.0,0.0,-1.0
3.6264944975351794,3.0314408608537198,-1.4434187272599874,1.022588303855649,-2.7534662075578162,-1.666285537262956,-0.05131195665144805,-0.06430474830263921,8.0,0.0,-1.0
3.6455822605847494,3.027010530952222,-1.4174160241733889,0.9644659642527413,-2.7718608134662186,-1.6039621239834196,-0.05162351948773358,-0.06399101927038486,8.0,0.0,-1.0
3.6640773121435557,3.022733053966789,-1.38977079643832,0.9089886639771426,-2.7895630526092234,-1.542399950503227,-0.04295864458063169,-0.06903427064715302,8.0,0.0,-1.0
3.681988068897191,3.0185964353954526,-1.3604446419020784,0.8564308712188957,-2.8065681395888338,-1.480142149701135,-0.03576513113764422,-0.07205292378503914,8.0,0.0,-1.0
3.699319875962497,3.01460148498063,-1.3291153081124805,0.805880860220503,-2.8228562584754044,-1.4159507233647184,-0.048415330408988336,-0.07159490392134095,8.0,0.0,-1.0
3.714234234641987,3.0111707612472873,-1.3000095717041837,0.76197027816279,-2.8367372201672247,-1.3596956634727881,-0.051723865415378885,-0.06143588889367678,8.0,0.0,-1.0
3.730475088022492,3.0074640249128266,-1.266887698568832,0.7140390739449851,-2.851684618527659,-1.2971525291623638,-0.03582203016450464,-0.0268229737150088,8.0,0.0,-1.0
3.7461548896489227,3.003928496758429,-1.2340252453679157,0.6675693254883409,-2.865920775211499,-1.2344891507110949,-0.03753387696290908,-0.03341768977023312,8.0,0.0,-1.0
3.761259257039883,3.000553089672718,-1.1950642603639126,0.6247040639683948,-2.879443124568873,-1.1708291639224377,-0.03692747476783968,-0.04184517318510038,8.0,0.0,-1.0
3.775768684274453,2.9973172486106248,-1.1547833542489234,0.5850823509004457,-2.892271137301369,-1.1095795326963949,-0.053519724078674426,-0.04543112920962217,8.0,0.0,-1.0
3.789684636585735,2.9942263424480853,-1.1136603790961148,0.5462922050492024,-2.904407053442057,-1.0489003300983482,-0.046238556289748184,-0.04547409964756199,8.0,0.0,-1.0
3.803011657774554,2.991257673109578,-1.07142063352746,0.5103401767016659,-2.915870573372975,-0.9884663407910879,-0.04366320056076177,-0.044887284632015446,8.0,0.0,-1.0
3.8157502005248958,2.988430561334458,-1.0282164096956028,0.4755339786114121,-2.9266486783829886,-0.9281164763144916,-0.03775035158870782,-0.025096445530231076,8.0,0.0,-1.0
3.827907096063269,2.9857429028589104,-0.9863027072635051,0.4417869660471682,-2.936752988273693,-0.867986476551569,-0.043288695695063155,-0.023235103205577406,8.0,0.0,-1.0
3.839489414215929,2.983192768589444,-0.9412366691265018,0.41197365736164077,-2.9461834023462377,-0.8085528491664249,-0.0406913635747346,-0.0270575755357109,8.0,0.0,-1.0
3.849284082651777,2.9810377144798434,-0.9004645227692887,0.3848104312579515,-2.9540090525111817,-0.7565674258630632,-0.04220720575704378,-0.026565813046683703,8.0,0.0,-1.0
3.859749881163173,2.9787436013883064,-0.85499341338083,0.3561070913100908,-2.9622008130057655,-0.6998362956854522,-0.04639588837217047,-0.04251903066691426,8.0,0.0,-1.0
3.8696313020329467,2.9765828903220855,-0.8074099009763347,0.32879701325054317,-2.9697509253150773,-0.6425379407599378,-0.05824145241294561,-0.03762635535257463,8.0,0.0,-1.0
3.878921884769012,2.9745629476226094,-0.7612716882955336,0.3012180208616294,-2.9766629177813706,-0.586758386621793,-0.045758654475210214,-0.044917884196500696,8.0,0.0,-1.0
3.8876400548491157,2.9726903392258173,-0.7145248904571491,0.276651272164752,-2.982962446172277,-0.5333244756054875,-0.042086471819768295,-0.05093810588478773,8.0,0.0,-1.0
3.8957762712041326,2.9709490200699142,-0.6658305533082552,0.2528156830946532,-2.9886655354885203,-0.4806197831420277,-0.033532094642145904,-0.04279319770955893,8.0,0.0,-1.0
3.903311392028236,2.969352756289048,-0.6160237900490012,0.2289655199157777,-2.993783805044439,-0.4297169102639498,-0.02555208144993651,-0.037437421791098685,8.0,0.0,-1.0
3.9102466685263666,2.9678954975479392,-0.5664150251716413,0.20594217877392546,-2.998337035780707,-0.37959607594244654,-0.03225092582451253,-0.018617889294209464,8.0,0.0,-1.0
3.916593460351238,2.966585970339583,-0.5170363999675696,0.18370319811343883,-3.0023273247765974,-0.3302470224470806,-0.053097988936818545,-0.03650576516423358,8.0,0.0,-1.0
3.921731070165136,2.9655308806370346,-0.4713796950269312,0.16704779107681325,-3.0054196766892685,-0.2882413741771173,-0.04615936841883736,-0.03290314782937961,8.0,0.0,-1.0
3.926940736140393,2.964450818085784,-0.4203347629577492,0.1468094778954541,-3.0084062319286953,-0.242964629453444,-0.03784359732337067,-0.027298869928508912,8.0,0.0,-1.0
3.9315502068573527,2.9635034824511823,-0.36950684240799736,0.12707352559226756,-3.010888571257321,-0.19853905984897594,-0.040950603287934366,-0.018581424430649765,8.0,0.0,-1.0
3.9355606967213523,2.9626840024558043,-0.3194011475998333,0.1089420953181629,-3.0128836617833996,-0.15658568396597375,-0.020823859651472803,-0.039894522573391156,8.0,0.0,-1.0
3.938992610416761,2.9619919381168582,-0.26934606065970057,0.09092514669150667,-3.014424262213527,-0.11755293134712987,-0.025114981456226117,-0.04848577245465423,8.0,0.0,-1.0
3.9418309475569586,2.961424835859974,-0.21803596632771874,0.07245609732097964,-3.015537164367795,-0.08099280590549444,-0.022675404874603934,-0.058906674585332906,8.0,0.0,-1.0
3.944063894105902,2.9609812345869693,-0.16635416866529726,0.05500548369630032,-3.0162613088365826,-0.04883505046612797,-0.02004874060138618,-0.053022976693952444,8.0,0.0,-1.0
3.9457112173591145,2.9606653027259897,-0.11649346745022596,0.0370374468108822,-3.0166467869987135,-0.020305673831002024,-0.01845118695208909,-0.03780410151860772,8.0,0.0,-1.0
3.9467628869137936,2.9604711802942556,-0.0645106136841149,0.020553253883311643,-3.016759628404487,-0.0009915422594893913,-0.018372039773274985,-0.02214776524947984,8.0,0.0,-1.0
3.9471871737016992,2.9603978130489454,-0.01799318338791891,0.004995498932901445,-3.0167168655545686,0.0063598333537897836,-0.019912659354006837,-0.006440743721552157,8.0,0.0,-1.0
3.947285811587351,2.960383975700181,-0.007069617518147806,0.0024173340052787507,-3.0166882433574016,-0.017198569626623778,-0.031648198115747865,-0.026789688679418572,8.0,0.0,-1.0
3.947378659109976,2.960375485061872,-0.008675737170331328,0.001452952396857419,-3.016656632230166,-0.013973176922514312,-0.04460497402222202,-0.0291253999101233,8.0,0.0,-1.0
3.947472764436091,2.960382549809055,-0.004373795095109908,-0.0002593479326042122,-3.0166018444904426,-0.0001528434874386855,-0.03772067384032833,-0.02181884462462129,8.0,0.0,-1.0
3.9475710655934853,2.9603731790981573,-0.009287014774853872,0.001630204576099476,-3.0165492797401408,-0.017449534896392463,-0.0390364208567954,-0.028612626207124472,8.0,0.0,-1.0
3.947667460242526,2.9603626616376806,-0.006627864474904661,0.0019798759802086814,-3.0164875336375205,0.013934156260481244,-0.04352835286073927,-0.018752510153461903,8.0,0.0,-1.0
3.947762927828042,2.960350172252231,-0.005723361061374335,0.001279553728060019,-3.016449811526652,0.0011089726270439183,-0.05701865421331837,-0.03263753715352209,8.0,0.0,-1.0
3.9478551379576703,2.9603329002358243,-0.007177778005807157,0.0026264833730290467,-3.016391665963601,0.013260889456584612,-0.05863871007688309,-0.022902490559824927,8.0,0.0,-1.0
3.9479416364730175,2.9603089765466115,-0.009750518215068461,0.0023021906313332985,-3.0163764727291325,-0.006127816277755223,-0.05088324020134584,-0.02663572233949449,8.0,0.0,-1.0
3.9480269399212022,2.9603010104316816,-0.007979592953016295,0.002079545798147731,-3.016344529438125,0.012567882103271298,-0.03258709628493732,-0.03519683559499325,8.0,0.0,-1.0
3.948125575002635,2.9603008206852928,-0.009871776526139901,0.0018781673251148435,-3.0163375286707073,-0.01361697137974462,-0.04009049038226794,-0.030959398764803716,8.0,0.0,-1.0
3.948221330382132,2.960297088650417,-0.010714757287194348,0.0019576542272291397,-3.0163221626312984,0.020502543073575987,-0.04047615143542658,-0.021281396964682647,8.0,0.0,-1.0
3.94832347376721,2.9602854808328707,-0.01006596516306607,0.003008385944840339,-3.016279319165499,0.01535596445018942,-0.04502969567179345,-0.00953134107896455,8.0,0.0,-1.0
3.948410329194554,2.9602584107251038,-0.008614621644935828,0.0038545389323004844,-3.0162619335725798,0.01531966896321781,-0.03669738555518517,-0.0035716872517659363,8.0,0.0,-1.0
3.9485026161284873,2.960251198612623,-0.009219780235286662,0.0012053279881641455,-3.01620108320797,-0.014029095883191144,-0.03175014841098415,-0.003815688420602206,8.0,0.0,-1.0
3.948598517795476,2.960257034800475,-0.004489490026598146,0.00036616892068760097,-3.0161802418688635,0.0051703646224180305,-0.019617169054784233,-0.020010565768450804,8.0,0.0,-1.0
3.948695370267417,2.9602516023680194,-0.010920191062486078,0.0025821329972863074,-3.016206492597199,-0.023170454852245278,-0.017922015158476984,-0.013380402768332769,8.0,0.0,-1.0
3.9487775033042065,2.9602427547375263,-0.008277100029259953,0.0029713232197532916,-3.016271288289867,0.007640709863684671,-0.017173149141821744,-0.011819239071772562,8.0,0.0,-1.0
3.948858188723263,2.960233733738896,-0.007506210686052247,-0.001107163857017536,-3.016306552461673,0.013848917188479713,-0.0025531016805551074,-0.028343029338219534,8.0,0.0,-1.0
3.948957933444821,2.960257667348854,-0.010393335599279024,-0.0012515701987357466,-3.016352405620424,-0.01785784276690587,-0.02091577728672207,-0.042429693831698964,8.0,0.0,-1.0
3.9490469689575503,2.9602720335720725,-0.004163852956244561,0.0009603459722994758,-3.0163613831476845,0.004192929347825988,-0.025906045888925273,-0.052065293654655204,8.0,0.0,-1.0
3.949148875928627,2.9602728874791904,-0.009637395008934443,0.0022817033708334954,-3.016358007062112,0.017008834748876524,-0.02951981195649608,-0.040449738785059204,8.0,0.0,-1.0
3.949255574720108,2.960266657422929,-0.005694675039329223,0.0008403358076688899,-3.016339961703812,0.00034213372110124957,-0.033385858886574526,-0.03944124828607079,8.0,0.0,-1.0
3.9493450090717017,2.9602661822816008,-0.010291131970274744,0.001798750795483627,-3.0163112297875894,0.008433622882618876,-0.03710463998898725,-0.05169600111268566,8.0,0.0,-1.0
3.9494357633211323,2.9602591339713094,-0.008562683085288942,0.0017248830458001915,-3.016269462372735,-0.016702410476043154,-0.025084106741555784,-0.04764399164932197,8.0,0.0,-1.0
3.949530650870525,2.9602523275525603,-0.006871156548785718,0.0008242581783788434,-3.0162476887185123,-0.011747775837375674,-0.03148296462268299,-0.02628473680652303,8.0,0.0,-1.0
3.949630040896879,2.960248297222496,-0.009692429876792611,0.0024253414315108315,-3.016175675021156,-0.01413115563948551,-0.03658696165363186,-0.025158885269300196,8.0,0.0,-1.0
3.949717975974065,2.960242170838618,-0.010061604258683205,0.0024300892625145707,-3.016144720963956,0.012844287669129402,-0.019434156019346626,-0.031336716174396914,8.0,0.0,-1.0
3.9498126406494585,2.9602426021128623,-0.005044625460869968,0.0005943306160533991,-3.0160773757901316,0.006776932456296257,-0.038472361059504454,-0.014491234463520478,8.0,0.0,-1.0
3.9499039851758657,2.960241762061631,-0.004527075327400409,0.001210080565644796,-3.01602188365278,0.006005701954389002,-0.032369978539694165,-0.02789177801094688,8.0,0.0,-1.0
3.949997597229776,2.9602453192946867,-0.008222828455293847,-6.423015562468596e-05,-3.015971038569504,-0.017448594863336348,-0.02300157576055056,-0.010055827434079487,8.0,0.0,-1.0
3.950089170492452,2.960259553101662,-0.00799850625760272,-0.00026281440626390565,-3.0159400464397477,0.02404707570476126,-0.02518386717558406,-0.009962141786970177,8.0,0.0,-1.0
3.950171712767542,2.9602573827789116,-0.0073277297049700015,0.0009134324553927667,-3.0159354709629658,0.012131974342851744,-0.02669494064312549,0.017762270831291657,8.0,0.0,-1.0
3.9502545485572935,2.960235984283439,-0.002582191708344576,0.001704630903006036,-3.015963978068697,0.022347894472088275,-0.03794620676895302,0.01986708561689993,8.0,0.0,-1.0
3.950284934433854,2.9602237787281656,-0.002704836626953992,0.0015659368249806172,-3.0158868119348554,-0.006211053091701207,-0.032010284901303226,0.006061890771424576,8.0,0.0,-1.0
3.950322694230636,2.9602209272141513,-0.005162534742947081,-0.00017810860688736866,-3.015772401103999,-0.005007525432116269,-0.040354153813217976,0.004773964450733683,8.0,0.0,-1.0
3.950404502220772,2.9602464953622514,-0.00795134716197007,0.0008899210033134245,-3.015650383598705,-0.00829625827771283,-0.06380011903005409,-0.011452760563149821,8.0,0.0,-1.0
3.95050739452407,2.9602448549645803,-0.005557044970669708,0.0010451781919919227,-3.0155458141084193,0.011540194510355296,-0.05600207664931542,-0.009389470275340994,8.0,0.0,-1.0
3.9506009805429625,2.9602231704661413,-0.009965849113338037,0.0037373846137065516,-3.0154466651603493,-0.0068558915383650915,-0.05394317791453498,0.006131216878146313,8.0,0.0,-1.0
3.950675235000553,2.9601942094200275,-0.008113985454860851,0.004916262576526146,-3.015426289392574,-0.00035599417272146397,-0.06641716266152228,0.012634336300796155,8.0,0.0,-1.0
3.950755161519283,2.9601520822728884,-0.005250729589941473,0.005515495584903319,-3.0153473050435387,-0.003310051943243849,-0.06328591155624524,0.00609187837204932,8.0,0.0,-1.0
3.9508414099872726,2.960122288329196,-0.007822508806028276,0.0010591079978883261,-3.015222507617928,-0.0025002453010366,-0.053294932820551574,0.01508267798466751,8.0,0.0,-1.0
3.9509191497889575,2.960113928272421,-0.0018457691412537738,0.006047089288963629,-3.015158464965727,0.00510587890218164,-0.07005642237226482,0.01377009764420084,8.0,0.0,-1.0
3.950968424578628,2.9600387842202895,-0.005606550982402113,0.004395083373173512,-3.0150931073579836,0.02634738630482252,-0.06517952935061326,0.0029771635183910915,8.0,0.0,-1.0
3.951049544892443,2.9600112922609862,-0.0039036565352330516,0.0015822731725718413,-3.01504520358439,0.004097683954048676,-0.07784435155345854,-0.013003374873872995,8.0,0.0,-1.0
3.95114677439919,2.9599843032255406,-0.004304454400234739,0.001814882481707989,-3.0149942386493103,0.0034869728444279543,-0.08675525516444674,-0.01864235485210357,8.0,0.0,-1.0
3.951231454130964,2.959959590905981,-0.010254309835697079,0.003495479654958723,-3.0149589221884883,0.0016088727217010669,-0.07983043219888317,-0.02756217312628908,8.0,0.0,-1.0
3.951337397476009,2.959933271041159,-0.013226964653781183,0.004969325542165018,-3.0149156647420794,0.007272601043186973,-0.04989384122094355,-0.02987161858081338,8.0,0.0,-1.0
3.951455160607064,2.9599102279550875,-0.007532440388379825,0.0015080200608333272,-3.0148712915508153,0.006794077798937044,-0.06476789864231858,-0.04655020694129002,8.0,0.0,-1.0
3.9515747808128987,2.9599021280123203,-0.012471312819762707,0.0025015284173990644,-3.014828497806972,0.0033477503788600224,-0.0645713061433972,-0.05175136317177153,8.0,0.0,-1.0
3.951674262274868,2.959895083776412,-0.004713236663796044,0.001230884311671657,-3.0148080129362245,0.003908634601181831,-0.05202294425232899,-0.04075536352111449,8.0,0.0,-1.0
3.9517689767026383,2.959889260062764,-0.010865817419926609,0.0019434851081808844,-3.0147769891182645,-0.0019427083709777238,-0.06584219819127031,-0.04271522624655144,8.0,0.0,-1.0
3.9518598692788123,2.959879992418224,-0.004814120522198883,0.0012398167821504498,-3.0147604265377876,0.003755098964159086,-0.04129783191331483,-0.03635408815506186,8.0,0.0,-1.0
3.951939559171233,2.9598709222701425,-0.009469035005994837,0.002477137732115057,-3.0147245850763604,0.015122874844903425,-0.03255174760011132,-0.03342431855055548,8.0,0.0,-1.0
3.9520421770056298,2.959864315779745,-0.009160177748169109,0.0008873575267429379,-3.014746028688047,0.008964084438777293,-0.045296546114640755,-0.01906452405234758,8.0,0.0,-1.0
3.952145180331591,2.95986710757761,-0.006072832566096361,0.0006063598842769931,-3.014724491080681,0.007433117127239437,-0.04026613861908779,-0.04927377407354946,8.0,0.0,-1.0
3.9522411866766753,2.9598721073907823,-0.012105854178219386,0.0008306153412278143,-3.0147029576940527,0.020682828070705116,-0.04802285450694802,-0.04127893912288633,8.0,0.0,-1.0
3.95233658593891,2.959880633953651,-0.009450143718858807,0.0004944398395005245,-3.0146769429128524,-0.008820838538385539,-0.040715851130002305,-0.050419181914101205,8.0,0.0,-1.0
3.9524292483837806,2.9598883448312923,-0.009013792377418419,0.0004938119338716969,-3.014631995138675,-0.007556894062721153,-0.03220088212461214,-0.06779196746085286,8.0,0.0,-1.0
3.9525376036778863,2.9598959514434124,-0.011495473598185264,0.00013676893219666464,-3.014585650229237,-0.008256271076398695,-0.03106163233772704,-0.0532851422794759,8.0,0.0,-1.0
3.952637789677524,2.9599001384805215,-0.011752666987094363,0.0014772231416397192,-3.0145613747073794,-0.0010492758149490966,-0.03225862696074572,-0.05582263700724393,8.0,0.0,-1.0
3.952738005729543,2.959903108218566,-0.005426170814120526,0.0010248012652098197,-3.0145411579001777,0.003230390510673916,-0.029464195461006076,-0.0634414344615224,8.0,0.0,-1.0
3.952817977629938,2.9599077004108416,-0.0083521161206987,-0.0007531642574727458,-3.01453139980139,-0.004708033654222981,-0.02206866485156992,-0.07394929499674907,8.0,0.0,-1.0
3.9529193277620838,2.959917165406175,-0.012316009388256399,0.0013574045245144982,-3.0145119035818384,0.007917125646284646,-0.047690380277428196,-0.09655822741324158,8.0,0.0,-1.0
3.9530186419541695,2.9599255892174083,-0.010554279811118165,-0.0002628959561411368,-3.0144906744678956,-0.0033248911876389026,-0.03521807474167347,-0.0973924501612034,8.0,0.0,-1.0
3.953109916977112,2.959933083919317,-0.012435835373657837,0.0008633638244071314,-3.014474175730172,0.00554411626829516,-0.03258352635256548,-0.11094994635716635,8.0,0.0,-1.0
3.9531966936621874,2.959945060967468,-0.009035042461458018,-0.00024707159427779046,-3.014473019186873,-0.003981853826332167,-0.03545393641210361,-0.10855514115643808,8.0,0.0,-1.0
3.953297096716095,2.9599536956579966,-0.005709120730612202,-2.996285599823304e-05,-3.0144520475989127,0.006320011297349683,-0.042953532585412235,-0.11420096673945826,8.0,0.0,-1.0
3.9534017899264056,2.959967049169346,-0.010785833977485632,-0.0005760104872916706,-3.014437846037564,-0.004183830554021277,-0.04663620639021766,-0.10926604292722235,8.0,0.0,-1.0
3.9535016525050986,2.9599763427799233,-0.008950912191798782,-0.0002561797177955224,-3.0144202265213744,-0.0032460369131522386,-0.04932950752549134,-0.11438307335425135,8.0,0.0,-1.0
3.9536015740028554,2.959980497411127,-0.010607783309722677,0.0009797475198555288,-3.01437546912823,-0.0007012335863950184,-0.05384455668639387,-0.1110596752606946,8.0,0.0,-1.0
3.9536878735734162,2.959982753998867,-0.0057446540982106255,0.0011052476779340253,-3.014333599740749,0.006090494851567277,-0.04948068557444256,-0.09575893953413694,8.0,0.0,-1.0
3.9537862364537997,2.9599885780720343,-0.011729310029026418,6.31498606850332e-05,-3.0143085269670675,0.00916012374474675,-0.05041460374666526,-0.09608200132140178,8.0,0.0,-1.0
3.953887830015476,2.959997031914501,-0.00882049301045835,9.71517258902217e-05,-3.014287675873209,-0.0016845762535372183,-0.044102931532929816,-0.09907606670227673,8.0,0.0,-1.0
3.953989822438759,2.96000882982199,-0.012783635609185787,0.0008632086075300541,-3.0142753019826847,0.005654833778863583,-0.050645357927745265,-0.11313893216424455,8.0,0.0,-1.0
3.9540899223037984,2.960022473819681,-0.0096913618078934,-0.00039285942449174727,-3.014260584561794,-0.0036714640235546766,-0.050331081450421485,-0.11920996893830471,8.0,0.0,-1.0
3.95419415980063,2.9600304898932506,-0.010796577528435283,-0.00018497625095509435,-3.0142368856325583,-0.004762638652492031,-0.03440489539243833,-0.0987915856704688,8.0,0.0,-1.0
3.954281782558204,2.9600376523573395,-0.01019094328405519,-0.0006992287191434147,-3.0142275970333414,-0.004493046357106002,-0.03249279387423233,-0.08347728748188406,8.0,0.0,-1.0
3.954370464478848,2.960049124561847,-0.005389682032950434,-0.00018111625900773002,-3.0142208788920177,-0.0002699599618387746,-0.025181700850959873,-0.07834269190497056,8.0,0.0,-1.0
3.954465217049421,2.960056077396438,-0.005410438912944708,7.882686533421958e-05,-3.0141925204747477,-0.000154230240222146,-0.02325542219119134,-0.0774677541119828,8.0,0.0,-1.0
3.954559566420925,2.9600606316998603,-0.006484135788824079,9.394522498765189e-05,-3.014160619036687,0.0016950654064582012,-0.019378423398171984,-0.09143048874796739,8.0,0.0,-1.0
3.954641049223891,2.9600707259127255,-0.009445422024626752,0.00020524778092701943,-3.0141640650541754,-0.004329536883902027,-0.036515442170447374,-0.09486460758207259,8.0,0.0,-1.0
3.954754880565099,2.960081817390162,-0.006202363853176984,-0.0008744797904465902,-3.0141489770520433,-0.0008956333775441503,-0.027399676098062677,-0.09917443456322919,8.0,0.0,-1.0
3.954860312527784,2.960093644140283,-0.011847172541379486,0.0011093529738299638,-3.014134150171615,-0.004801915564060301,-0.03175831649856657,-0.11127266553102053,8.0,0.0,-1.0
3.954955369131923,2.9601005519265255,-0.01140900984402891,0.0011956700145908912,-3.0141118519164087,-0.001523774440505993,-0.03918697835111773,-0.092882774221416,8.0,0.0,-1.0
3.9550475963051004,2.960109068905621,-0.015126623229685079,0.0009828743815269388,-3.014099460310828,0.016842818587604474,-0.033737949250892074,-0.08428431663670288,8.0,0.0,-1.0
3.9551593765404114,2.9601175619245663,-0.006231896536877661,0.000429232812676606,-3.014065974072426,0.005305141057157506,-0.053804053505815755,-0.09051463120120654,8.0,0.0,-1.0
3.9552591972495295,2.9601158500508364,-0.011966131256112577,0.002426111122278889,-3.014000215388083,0.007124935094339318,-0.0625420080729996,-0.08537286169817523,8.0,0.0,-1.0
3.9553624431444323,2.960110111344143,-0.006440772277626948,0.0016109057607767287,-3.013926404883618,0.007136056888755549,-0.07587536009402673,-0.06542063788287754,8.0,0.0,-1.0
3.9554654559095717,2.9600924461023856,-0.011637295300378377,0.004307981016781967,-3.01387068768947,0.0006138768781709467,-0.05646371190126934,-0.05048878528653292,8.0,0.0,-1.0
3.955558296331784,2.9600821467459606,-0.009279717585464973,0.0031013805177497805,-3.013845669854506,-0.002545021015321335,-0.03859708726544556,-0.04621148201008986,8.0,0.0,-1.0
3.955659155666149,2.9600631734422547,-0.006924541196846939,0.0015486471139062653,-3.0138376347384814,-0.002462164277916219,-0.022888607618015547,-0.04414182962166431,8.0,0.0,-1.0
3.9557540921887124,2.9600507891515524,-0.005835340619767081,0.001335641113159325,-3.0138436028647564,0.001809977840576486,-0.037216752435186476,-0.050318770093041865,8.0,0.0,-1.0
3.9558431084033527,2.9600378634544873,-0.0039702995230263315,0.0012613241291297372,-3.0138124607291426,0.006784006561740322,-0.04413039576173566,-0.0625293275629968,8.0,0.0,-1.0
3.9559375708104585,2.9600298882454052,-0.010351188570980895,0.0013713073251013968,-3.013804895254828,0.01485998386639036,-0.03465765887903239,-0.06490448357123081,8.0,0.0,-1.0
3.9560282321010862,2.9600181230549314,-0.006979622583927124,0.002599340936603233,-3.0137779513566376,-0.010949775909640257,-0.03757596254406227,-0.059008335955032666,8.0,0.0,-1.0
3.9561280689045586,2.9600001466658026,-0.010463161295555084,0.003702329330991559,-3.013764880292255,0.017638342130496098,-0.029199328976753574,-0.06051087221654293,8.0,0.0,-1.0
3.956214845674307,2.959977191009138,-0.006566355754931538,0.00266058430024613,-3.0137177448276606,-0.004691892312075644,-0.0239122371189641,-0.05146161723533842,8.0,0.0,-1.0
3.9563050583512513,2.9599569012787703,-0.01151498021895876,0.0038419957433887112,-3.0136696088046673,-0.008454293955217719,-0.013772487318039987,-0.06404531044951206,8.0,0.0,-1.0
3.9563849629787122,2.959940610867978,-0.006075233575785245,-0.00010541091937388237,-3.0136433962516627,0.0023256272036893677,0.0029307717455568476,-0.05060463812852308,8.0,0.0,-1.0
3.9564652884895586,2.9599410472015872,-0.007222617978361726,0.0004359724153667918,-3.013644942814502,0.021844626125976558,-0.0023042034520404714,-0.03958147004888789,8.0,0.0,-1.0
3.956553744588465,2.959940371310721,-0.00543398780524171,0.00032184970606599183,-3.0136723137851402,-0.004006580496134945,0.0030184828750108904,-0.02078729892337676,8.0,0.0,-1.0
3.956628762667334,2.959911854742174,-0.009032388678066485,0.005983025255253885,-3.013678324336632,-0.017447834126273678,-0.021173337375280432,-0.040381197780626786,8.0,0.0,-1.0
3.9567146677850498,2.9598898172531194,-0.006477952531693463,0.001665936758332564,-3.013682772510588,-0.020706491947479717,-0.02024321947145176,-0.04272607198106369,8.0,0.0,-1.0
3.956804309915014,2.9598849126687385,-0.00454922541773768,0.0009792770761030978,-3.0136852548853215,0.006951262198058585,-0.015212425496993896,-0.046316259788928116,8.0,0.0,-1.0
3.956900601276853,2.959887349818145,-0.008560515300111178,-0.0005350415115254765,-3.013763342904886,-0.004920100909434868,-0.014819959531563568,-0.0492654903250654,8.0,0.0,-1.0
3.956996299830803,2.959899024864492,-0.009741071406719568,5.4056874179483574e-05,-3.0137526887959103,0.009404771067008155,-0.00860124644174624,-0.05131755346749016,8.0,0.0,-1.0
3.95710209327574,2.9599086343703145,-0.012493796638441614,0.0017542424881501397,-3.0137360252796945,-0.014162513265820117,-0.008479837656481288,-0.05666705188813222,8.0,0.0,-1.0
3.9571940699469947,2.959918616053372,-0.011770380082660046,0.001744525105828541,-3.013720188451611,0.01241048566010108,-0.023864753190740832,-0.06515082747054612,8.0,0.0,-1.0
3.9572847549198866,2.959929524192235,-0.00951425002614167,-5.0139998080404825e-05,-3.0136947693105793,-0.021342680148471828,-0.015256976031747823,-0.053396648484156956,8.0,0.0,-1.0
3.9573809336169585,2.959937780818945,-0.009396585911691478,0.0003224410972791755,-3.013714972700824,0.023624610248424535,-0.013960892923179008,-0.06270804690599034,8.0,0.0,-1.0
3.9574839270575657,2.9599698089169237,-0.00890807414391084,-0.0015842394248200748,-3.0137315795934896,0.017073010822593618,-0.020032279142880915,-0.06923588484013936,8.0,0.0,-1.0
3.95759339215789,2.95999931840056,-0.010437616215338232,-0.0014849864716516763,-3.0137512752565003,0.013521181981223117,-0.017509247697889564,-0.05525057473189318,8.0,0.0,-1.0
3.9576862858093236,2.9600119965791345,-0.003656269821513099,-7.848658530883201e-05,-3.013721986304436,0.0016954248422749087,-0.02107168072279995,-0.042215821275698534,8.0,0.0,-1.0
3.9577899924532676,2.960033005367776,-0.013308712447560545,-0.0021577961426721263,-3.0137407464718375,-0.01772457179112066,-0.014872119158935722,-0.0405486595091919,8.0,0.0,-1.0
3.957894207377775,2.9600694699411543,-0.011442590125986547,-0.0011959321668763027,-3.01376954897437,-0.016535507813889124,-0.016264995120695205,-0.041850695865213304,8.0,0.0,-1.0
3.957987107073995,2.9600870308264566,-0.010133116951841877,-0.00017814560264897334,-3.013781087970722,-0.0002877156541377869,-0.028009632087736443,-0.0455382172212342,8.0,0.0,-1.0
3.958068933085277,2.960091080277555,-0.01001371135149225,0.0015557174923049874,-3.013750205990304,-0.011122814029373429,-0.03773578362493899,-0.0358393618358802,8.0,0.0,-1.0
3.958164560504102,2.960104241586421,-0.01059694053218037,0.000799499846001822,-3.0137196324784195,0.011289586443381723,-0.04422871631746857,-0.025932633688318704,8.0,0.0,-1.0
3.958262576222002,2.9600980176870766,-0.011938121250079035,-4.978047342828749e-05,-3.013691001834543,0.017421960871997454,-0.03583059616294532,-0.06069008102436822,8.0,0.0,-1.0
3.9583629356704058,2.960108660951476,-0.00574984415560023,-0.00024637488014000455,-3.013645789121888,0.004374799358505803,-0.03725223691954823,-0.05557895380770874,8.0,0.0,-1.0
3.958460345387379,2.9601167533111346,-0.00685219607474225,-7.378386097267402e-05,-3.0136284974492535,0.0017373906448519064,-0.04339995138165931,-0.06495141308964834,8.0,0.0,-1.0
3.958559432227141,2.960130997674403,-0.012991491197785244,-1.9267568090744155e-06,-3.0136173222004987,0.013141172646211882,-0.027626737396063195,-0.08017046588169888,8.0,0.0,-1.0
3.958662402568317,2.9601409665365948,-0.00980231659601868,-0.0009546529485380858,-3.0136123787761804,-0.0050982452209042736,-0.02339919404524473,-0.0750150505787729,8.0,0.0,-1.0
3.958772857249097,2.9601463430383497,-0.010804597109647715,-6.451076584717175e-05,-3.0135882360366715,-0.0051495159902632025,-0.032441436923638815,-0.07920498668097681,8.0,0.0,-1.0
3.958876070239985,2.9601539761934523,-0.009891298971113825,-0.0001074249084020929,-3.013582717791979,-0.005456844641013571,-0.0292066230313922,-0.08606995502861568,8.0,0.0,-1.0
3.9589705483932174,2.960160895785006,-0.009899500631259536,0.0002496135626103535,-3.0135698301005642,-0.005714635030514553,-0.0192155139457461,-0.06942019517148453,8.0,0.0,-1.0
3.959079408814685,2.9601725919371087,-0.013347697531641499,-0.00018291879057731996,-3.013571456739535,-0.003449928676817183,-0.022649272155612403,-0.05673941907458231,8.0,0.0,-1.0
3.959173448539871,2.960185775542145,-0.005421306817749094,-9.838457603149e-05,-3.013579485053629,-0.002757975028573896,-0.006315629092475145,-0.06886448703516937,8.0,0.0,-1.0
3.9592663216006145,2.960201324456164,-0.010435452032442477,-0.0004501892207902453,-3.013603740557287,-0.024781372900518447,-0.011122651315529156,-0.06866877781864038,8.0,0.0,-1.0
3.9593613504185394,2.9602129909951094,-0.007859970495128855,0.0005201264032876616,-3.013616618298788,-0.012118232289730536,-0.002417939661057668,-0.07318801272552955,8.0,0.0,-1.0
3.9594430919453445,2.9602111839447613,-0.005690736714056684,0.00015434735824066596,-3.013605579837877,-0.019866366555944995,0.016130008956533198,-0.07589821695725332,8.0,0.0,-1.0
3.9595242361127054,2.9602294010921826,-0.005326080165413668,-0.0018666386501328249,-3.013650718767365,0.013093017326018877,0.02502831225063042,-0.08250875473207123,8.0,0.0,-1.0
3.9596182559703883,2.960241163774671,-0.006524264063275892,0.0015045649484743085,-3.013634706971049,0.01197427353392811,0.004398796343608024,-0.10051832725473026,8.0,0.0,-1.0
3.959716499271708,2.9602351494580073,-0.011885784319542597,0.0038944775409932232,-3.013640365089617,0.010123370114513974,0.011050417460836112,-0.10548253494374009,8.0,0.0,-1.0
3.9597958580891883,2.9602356519169555,-0.00723952068654738,0.0007468421056996699,-3.013580718755693,-0.0029776081124417188,-0.002748148351051335,-0.09361171963201419,8.0,0.0,-1.0
3.959901012488073,2.9602288029684805,-0.00823602176278284,0.0012839339511784972,-3.013495555447464,0.006279592948447217,-0.0032736299617332583,-0.07902841366739159,8.0,0.0,-1.0
3.96000221735262,2.960238028740307,-0.008060889495885492,0.0006093669521402941,-3.013449285464125,-0.011373895369980153,-0.0033571416619487243,-0.10337284153076783,8.0,0.0,-1.0
3.960111062048948,2.960242394129476,-0.011254279357432836,0.0019345901100208164,-3.0134074933386463,0.02191883577014766,-0.011893680208323204,-0.10652983296080035,8.0,0.0,-1.0
3.9602157903929487,2.9602462672160406,-0.011560670461902197,-0.0005272994749324519,-3.013412460637425,0.0036711986581099906,-0.0006347916162377006,-0.10461337801412136,8.0,0.0,-1.0
3.960322114711135,2.960245707258741,-0.0066424632870902426,-0.00015427299761097473,-3.0134021006836,0.004339370282312443,-0.005842632671203059,-0.09437332420080606,8.0,0.0,-1.0
3.960409367519664,2.9602683030582795,-0.00887629353918137,-0.00040066145927114354,-3.013415288612664,0.010815243000147773,-0.0010837688389706349,-0.08505370360023494,8.0,0.0,-1.0
3.960504911958377,2.9602947367081085,-0.007927851032242203,0.000964390386396276,-3.013446771566807,-0.004283006477207127,0.007119333902014902,-0.10448694523314592,8.0,0.0,-1.0
3.960608098795911,2.9603017226946515,-0.005592945549604728,-0.0014370629057964806,-3.0134657568375767,0.0012168938752612525,-0.0032286281042084256,-0.10630386803285354,8.0,0.0,-1.0
3.960694218827871,2.9603166265250573,-0.008509149427380229,-0.0014874293093343424,-3.013472011023198,0.00041298826428146806,-0.0139356504243578,-0.09400436484882269,8.0,0.0,-1.0
3.960787223333036,2.960324192155617,-0.009358795456281852,0.0003474083508242441,-3.013483366595814,-0.001784228508064996,0.0011654130670452761,-0.09925094772285901,8.0,0.0,-1.0
3.9608969034467445,2.9603340544302257,-0.010127164536489392,0.0006826861622123259,-3.0134774220476648,-0.0020464286159704065,-0.0069430549216330795,-0.11133967058228628,8.0,0.0,-1.0
3.960998785627881,2.9603519443425625,-0.010630385042594732,0.00042496700319781305,-3.013485312191172,0.0008326363939688928,-0.010936953087214218,-0.11407088197200853,8.0,0.0,-1.0
3.9610917588701877,2.9603699393044605,-0.008665908858082667,0.0012807175254888944,-3.0135123282346155,0.010587341415423607,-0.02017869910360423,-0.10666105181670535,8.0,0.0,-1.0
3.9611925558667074,2.9603766975941013,-0.013027573756323522,0.0009827228750757886,-3.0135260755554234,0.01692755479366039,-0.016182652311114213,-0.0967949426968612,8.0,0.0,-1.0
3.9612942734329697,2.960377020965649,-0.007263628423958198,0.001017609999837465,-3.0134979153961754,0.011805499163398805,0.0015614489765134413,-0.09727201177828816,8.0,0.0,-1.0
3.961389288899938,2.960375959732686,-0.01216229971946838,0.003990442421502438,-3.0135048632776953,0.012435330535655709,0.008228648681570047,-0.10559666686684874,8.0,0.0,-1.0
3.9614887875787015,2.960379341541285,-0.010716551876072553,-0.0006892872187712088,-3.0135081963490205,-0.018647302506477993,0.018063095618361114,-0.11356079763665647,8.0,0.0,-1.0
3.9615617934633303,2.9603961533274927,-0.005483146753886255,-0.0009380767486483353,-3.013545613001728,0.006874192373560718,0.012968352916295462,-0.12090358839711035,8.0,0.0,-1.0
3.9616571612120444,2.9604108494053034,-0.007129697930738177,0.0010730392144957716,-3.013574936985654,-0.0066168800586611995,0.013424445069690202,-0.12150640881584099,8.0,0.0,-1.0
3.961759986382574,2.960414734120866,-0.010193203681109602,-0.0004639269670800723,-3.013581256598297,-0.017099881986524554,0.013547502491172009,-0.1369365615747707,8.0,0.0,-1.0
3.961858677815951,2.960442316281769,-0.010004763625417594,-0.0015865731440290604,-3.013600829280184,-0.016591656648126805,0.0258862994833162,-0.13115662265750722,8.0,0.0,-1.0
3.961940944806708,2.9604651587042343,-0.007906141135915085,0.0023456907114315882,-3.0136510523918107,-0.007628436445407172,0.012377683556846765,-0.1333253952393471,8.0,0.0,-1.0
3.9620428686601805,2.9604744348335954,-0.00645792102510046,-0.0014543213060134214,-3.013686266263036,-0.004224110393125556,0.0015909139999525366,-0.14374029694962792,8.0,0.0,-1.0
3.9621317845849178,2.960498299671052,-0.010292667609388115,-0.002150569182784786,-3.0137105565212816,0.008743482510936321,0.0009454878984100938,-0.13299599197261627,8.0,0.0,-1.0
3.962235415668179,2.960505009021079,-0.00795432212145744,0.0012919195738657144,-3.013681975606851,0.007090481354827968,0.013566218405836054,-0.1301396548014886,8.0,0.0,-1.0
3.9623313711600128,2.960524020412553,-0.009272909187997612,-0.0011012327741830189,-3.0137134347641066,0.0007684295701940182,0.006304270446573253,-0.13173933006190716,8.0,0.0,-1.0
3.962417128070409,2.9605399225655025,-0.006356144959203109,-6.83639673052874e-05,-3.01372900785215,0.011966444132408825,0.017133537749692222,-0.12668675022717538,8.0,0.0,-1.0
3.962523785270427,2.960549808867281,-0.009764662435188566,0.0011374445010432824,-3.013725769060188,-0.010608237386931955,0.004309117979020589,-0.135192856625248,8.0,0.0,-1.0
3.9626257136608913,2.9605708898766827,-0.00865773348759985,2.569211582805739e-05,-3.0137246500695443,0.0025509430830716155,0.015175551590916641,-0.1417655760663314,8.0,0.0,-1.0
3.9627173905429522,2.9606059845613055,-0.008254739616049028,-0.002808077051416618,-3.013805728034181,0.007000601159397337,0.019144320263605963,-0.13448090166918716,8.0,0.0,-1.0
3.9628118420191893,2.9606393631688084,-0.00966227694912913,-0.0011423859955378172,-3.013860632855893,0.004506174127310867,0.02226054579184239,-0.13298846222564026,8.0,0.0,-1.0
3.9629115864778575,2.9606634612726084,-0.008536565568376245,0.0001792382870070211,-3.013880718907385,-0.0013539157971561178,0.018454313298548936,-0.12629138717669033,8.0,0.0,-1.0
3.963017275841406,2.960684872980261,-0.008609729932903955,0.0004332942958391781,-3.0139057071200455,-0.006900951348262293,0.025111026707254673,-0.12625273918496707,8.0,0.0,-1.0
3.9631142735513265,2.960710275177326,-0.009822081992723719,-0.0006343599770957253,-3.0139262153051387,-0.015953196104753188,0.01886503745821111,-0.12059973122567408,8.0,0.0,-1.0
3.9632221859981285,2.9607251237183307,-0.0072567248310426765,-0.0004464635437152984,-3.0139468068139323,-0.02355013285841239,0.025576039867777615,-0.12726044561867103,8.0,0.0,-1.0
3.9633078778804403,2.9607517150251397,-0.00871189506477154,0.00029775875680373553,-3.0140007172985546,-0.006857116458607582,0.020289545979524738,-0.1264267298495272,8.0,0.0,-1.0
3.9634059220243976,2.9607737133645506,-0.010839538852113086,-0.0010568472617419667,-3.01402090960444,-0.01625808377232681,0.02426565407308537,-0.14196189913576637,8.0,0.0,-1.0
